<?xml version="1.0" encoding="UTF-8"?>
<beans xmlns="http://www.springframework.org/schema/beans"
       xmlns:context="http://www.springframework.org/schema/context"
       xmlns:xsi="http://www.w3.org/2001/XMLSchema-instance"
       xsi:schemaLocation="http://www.springframework.org/schema/beans http://www.springframework.org/schema/beans/spring-beans.xsd 
       http://www.springframework.org/schema/context http://www.springframework.org/schema/context/spring-context.xsd">

<context:property-placeholder 
	location="classpath:data/db.properties"/>

<!-- DBCP객체 -->
<bean id="dbcp" class="org.apache.commons.dbcp.BasicDataSource">
	<property name="driverClassName" value="${db.driver}"/>
	<property name="url" value="${db.url}" />
	<property name="username" value="${db.username}"/>
	<property name="password" value="${db.password}"/>
</bean>
<bean id="dbcp_hr" class="org.apache.commons.dbcp.BasicDataSource">
	<property name="driverClassName" value="${db.driver}"/>
	<property name="url" value="${db.url}"/>
	<property name="username" value="${hr.username}" />
	<property name="password" value="${hr.password}" />
</bean>

<!-- Mybatis객체 -->
<bean id="factory" class="org.mybatis.spring.SqlSessionFactoryBean">
	<property name="dataSource" ref="dbcp"/>
	<property name="mapperLocations" 
			value="classpath:sqlmap/*Mapper.xml"/>
</bean>
<bean id="factory_hr" class="org.mybatis.spring.SqlSessionFactoryBean">
	<property name="dataSource" ref="dbcp_hr"/>
	<property name="mapperLocations" 
			value="classpath:sqlmap/*Mapper.xml"/>
</bean>

<!-- 쿼리문실행객체 -->
<bean class="org.mybatis.spring.SqlSessionTemplate">
	<constructor-arg 
		name="sqlSessionFactory" ref="factory" />
	<qualifier value="hanul"/>
</bean>
<bean class="org.mybatis.spring.SqlSessionTemplate">
	<constructor-arg 
		name="sqlSessionFactory" ref="factory_hr" />
	<qualifier value="hr"/>
</bean>

</beans>
